timestamp,open,high,low,close,volume,open_interest
2025-01-02T09:15:00+05:30,120.00,120.20,119.70,119.90,18420,102000
2025-01-02T09:16:00+05:30,119.90,120.00,119.55,119.70,15210,102180
2025-01-02T09:17:00+05:30,119.70,119.80,119.35,119.50,16340,102360
2025-01-02T09:18:00+05:30,119.50,119.60,119.15,119.30,17180,102540
2025-01-02T09:19:00+05:30,119.30,119.40,118.95,119.10,19450,102720
2025-01-02T09:20:00+05:30,119.10,119.20,118.75,118.90,21860,102900
2025-01-02T09:21:00+05:30,118.90,119.00,118.55,118.70,18730,103080
2025-01-02T09:22:00+05:30,118.70,118.80,118.35,118.50,20540,103260
2025-01-02T09:23:00+05:30,118.50,118.60,118.15,118.30,23110,103440
2025-01-02T09:24:00+05:30,118.30,118.40,117.95,118.10,24870,103620
2025-01-02T09:25:00+05:30,118.10,118.20,117.75,117.90,22060,103800
2025-01-02T09:26:00+05:30,117.90,118.00,117.55,117.70,23940,103980
2025-01-02T09:27:00+05:30,117.70,117.80,117.35,117.50,26210,104160
2025-01-02T09:28:00+05:30,117.50,117.60,117.15,117.30,28180,104340
2025-01-02T09:29:00+05:30,117.30,117.40,116.95,117.10,25490,104520
2025-01-02T09:30:00+05:30,117.10,117.20,116.75,116.90,27630,104700